Region,Origen,Destino,Cantidad de Enlaces,Velocidad [Gbps],Ruta,Distancia_km,GSNR_Total_dB,Umbral_OSNR_dB,Factible
Norte,Mendoza,San Juan,1,200,Mendoza - San Juan,237.0,24.86,21.5,SI
Norte,Mendoza,San Jose de Jachal,1,200,Mendoza - San Juan - San Jose de Jachal,396.0,22.56,21.5,SI
Norte,Mendoza,Patquia,1,200,Mendoza - San Juan - San Jose de Jachal - Patquia,629.0,8.13,21.5,NO
Norte,Mendoza,Chilecito,1,200,Mendoza - San Juan - San Jose de Jachal - Patquia - Chilecito,793.0,8.03,21.5,NO
Norte,Mendoza,Belen,1,200,Mendoza - San Juan - San Jose de Jachal - Patquia - Chilecito - Belen,1009.01,7.97,21.5,NO
Norte,Mendoza,Santa Maria,1,200,Mendoza - San Juan - San Jose de Jachal - Patquia - Chilecito - Belen - Santa Maria,1179.01,7.94,21.5,NO
Norte,San Jose de Jachal,San Miguel de Tucumán,1,200,San Jose de Jachal - Patquia - Chilecito - Belen - Santa Maria - San Miguel de Tucuman,968.01,8.05,21.5,NO
Norte,Patquia,San Miguel de Tucumán,1,200,Patquia - Chilecito - Belen - Santa Maria - San Miguel de Tucuman,735.01,20.78,21.5,NO
Norte,Chilecito,San Miguel de Tucumán,1,200,Chilecito - Belen - Santa Maria - San Miguel de Tucuman,571.01,23.15,21.5,SI
Norte,Belen,San Miguel de Tucumán,1,200,Belen - Santa Maria - San Miguel de Tucuman,355.0,25.49,21.5,SI
Norte,Santa Maria,San Miguel de Tucumán,1,200,Santa Maria - San Miguel de Tucuman,185.0,28.06,21.5,SI
Norte,San Juan,San Jose de Jachal,4,100,San Juan - San Jose de Jachal,159.0,26.11,12.8,SI
Norte,San Jose de Jachal,Patquia,4,100,San Jose de Jachal - Patquia,233.0,8.28,12.8,NO
Norte,Patquia,Chilecito,4,100,Patquia - Chilecito,164.0,24.34,12.8,SI
Norte,Chilecito,Belen,4,100,Chilecito - Belen,216.01,26.63,12.8,SI
Norte,Belen,Santa Maria,4,100,Belen - Santa Maria,170.0,28.47,12.8,SI
Norte,Santa Maria,San Miguel de Tucumán,4,100,Santa Maria - San Miguel de Tucuman,185.0,28.06,12.8,SI
Norte,Mendoza,Villa Tulumaya,1,200,Mendoza - Villa Tulumaya,45.0,30.76,21.5,SI
Norte,Mendoza,Media Agua,1,200,Mendoza - Villa Tulumaya - Media Agua,145.0,26.1,21.5,SI
Norte,Mendoza,San Juan,1,200,Mendoza - Villa Tulumaya - Media Agua - San Juan,237.0,24.86,21.5,SI
Norte,Mendoza,Serrezuela,1,200,Mendoza - Villa Tulumaya - Media Agua - San Juan - Serrezuela,628.0,22.27,21.5,SI
Norte,Mendoza,La Falda,1,200,Mendoza - Villa Tulumaya - Media Agua - San Juan - Serrezuela - La Falda,773.0,21.46,21.5,NO
Norte,Villa Tulumaya,Cordoba,1,200,Villa Tulumaya - Media Agua - San Juan - Serrezuela - La Falda - Cordoba,813.0,21.21,21.5,NO
Norte,Media Agua,Cordoba,1,200,Media Agua - San Juan - Serrezuela - La Falda - Cordoba,713.0,22.25,21.5,SI
Norte,San Juan,Cordoba,1,200,San Juan - Serrezuela - La Falda - Cordoba,621.0,22.89,21.5,SI
Norte,Serrezuela,Cordoba,1,200,Serrezuela - La Falda - Cordoba,230.0,26.05,21.5,SI
Norte,La Falda,Cordoba,1,200,La Falda - Cordoba,85.0,28.96,21.5,SI
Norte,Mendoza,Villa Tulumaya,4,100,Mendoza - Villa Tulumaya,45.0,30.76,12.8,SI
Norte,Villa Tulumaya,Media Agua,4,100,Villa Tulumaya - Media Agua,100.0,27.51,12.8,SI
Norte,Media Agua,San Juan,4,100,Media Agua - San Juan,92.0,30.15,12.8,SI
Norte,San Juan,Serrezuela,4,100,San Juan - Serrezuela,391.0,25.49,12.8,SI
Norte,Serrezuela,La Falda,4,100,Serrezuela - La Falda,145.0,28.64,12.8,SI
Norte,La Falda,Cordoba,4,100,La Falda - Cordoba,85.0,28.96,12.8,SI
Norte,Tucuman,Concepcion,1,200,Tucuman - Concepcion,80.0,29.05,21.5,SI
Norte,Tucuman,Catamarca,1,200,Tucuman - Concepcion - Catamarca,237.8,23.77,21.5,SI
Norte,Tucuman,La Rioja,1,200,Tucuman - Concepcion - Catamarca - La Rioja,423.2,21.46,21.5,NO
Norte,Tucuman,Patquia,1,200,Tucuman - Concepcion - Catamarca - La Rioja - Patquia,503.2,20.84,21.5,NO
Norte,Concepcion,Cordoba,1,200,Concepcion - Catamarca - La Rioja - Cordoba,767.71,9.81,21.5,NO
Norte,Catamarca,Cordoba,1,200,Catamarca - La Rioja - Cordoba,609.91,9.94,21.5,NO
Norte,La Rioja,Cordoba,1,200,La Rioja - Cordoba,424.51,10.06,21.5,NO
Norte,Patquia,Cordoba,1,200,Patquia - Cordoba,374.09,15.07,21.5,NO
Norte,Serrezuela,Cordoba,1,200,Serrezuela - Cordoba,230.0,26.05,21.5,SI
Norte,Tucuman,Concepcion,4,100,Tucuman - Concepcion,80.0,29.05,12.8,SI
Norte,Concepcion,Catamarca,4,100,Concepcion - Catamarca,157.8,25.07,12.8,SI
Norte,Catamarca,La Rioja,4,100,Catamarca - La Rioja,185.4,25.08,12.8,SI
Norte,La Rioja,Patquia,4,100,La Rioja - Patquia,80.0,29.05,12.8,SI
Norte,Patquia,Serrezuela,4,100,Patquia - Serrezuela,226.3,20.79,12.8,SI
Norte,Serrezuela,Cordoba,4,100,Serrezuela - Cordoba,230.0,26.05,12.8,SI
Norte,Tucuman,Santiago del Estero,1,200,Tucuman - Santiago del Estero,193.0,25.94,21.5,SI
Norte,Tucuman,Frias,1,200,Tucuman - Santiago del Estero - Frias,365.0,23.42,21.5,SI
Norte,Tucuman,Dean Funes,1,200,Tucuman - Santiago del Estero - Frias - Dean Funes,592.0,22.05,21.5,SI
Norte,Tucuman,Jesus Maria,1,200,Tucuman - Santiago del Estero - Frias - Dean Funes - Jesus Maria,677.0,21.34,21.5,NO
Norte,Tucuman,Cordoba,1,200,Tucuman - Santiago del Estero - Frias - Dean Funes - Jesus Maria - Cordoba,731.0,20.93,21.5,NO
Norte,Santiago del Estero,Cordoba,1,200,Santiago del Estero - Frias - Dean Funes - Jesus Maria - Cordoba,538.0,22.45,21.5,SI
Norte,Frias,Cordoba,1,200,Frias - Dean Funes - Jesus Maria - Cordoba,366.0,24.34,21.5,SI
Norte,Dean Funes,Cordoba,1,200,Dean Funes - Jesus Maria - Cordoba,139.0,27.0,21.5,SI
Norte,Jesus Maria,Cordoba,1,200,Jesus Maria - Cordoba,54.0,30.54,21.5,SI
Norte,Tucuman,Santiago del Estero,4,100,Tucuman - Santiago del Estero,193.0,25.94,12.8,SI
Norte,Santiago del Estero,Frias,4,100,Santiago del Estero - Frias,172.0,26.65,12.8,SI
Norte,Frias,Dean Funes,4,100,Frias - Dean Funes,227.0,27.33,12.8,SI
Norte,Dean Funes,Jesus Maria,4,100,Dean Funes - Jesus Maria,85.0,28.96,12.8,SI
Norte,Jesus Maria,Cordoba,4,100,Jesus Maria - Cordoba,54.0,30.54,12.8,SI
Norte,San Miguel de Tucuman,Santa Maria,1,200,San Miguel de Tucuman - Santa Maria,185.0,28.06,21.5,SI
Norte,San Miguel de Tucuman,San Antonio de los Cobres,1,200,San Miguel de Tucuman - Santa Maria - San Antonio de los Cobres,530.9,22.8,21.5,SI
Norte,San Miguel de Tucuman,La Quiaca,1,200,San Miguel de Tucuman - Santa Maria - San Antonio de los Cobres - La Quiaca,838.7,19.39,21.5,NO
Norte,San Miguel de Tucuman,Humahuaca,1,200,San Miguel de Tucuman - Santa Maria - San Antonio de los Cobres - La Quiaca - Humahuaca,980.7,18.94,21.5,NO
Norte,San Antonio de los Cobres,San Salvador de Jujuy,1,200,San Antonio de los Cobres - La Quiaca - Humahuaca - San Salvador de Jujuy,577.8,20.66,21.5,NO
Norte,La Quiaca,San Salvador de Jujuy,1,200,La Quiaca - Humahuaca - San Salvador de Jujuy,270.0,26.33,21.5,SI
Norte,Humahuaca,San Salvador de Jujuy,1,200,Humahuaca - San Salvador de Jujuy,128.0,29.75,21.5,SI
Norte,Santa Maria,San Antonio de los Cobres,4,100,Santa Maria - San Antonio de los Cobres,345.9,24.15,12.8,SI
Norte,San Antonio de los Cobres,La Quiaca,4,100,San Antonio de los Cobres - La Quiaca,307.8,21.93,12.8,SI
Norte,La Quiaca,Humahuaca,4,100,La Quiaca - Humahuaca,142.0,28.46,12.8,SI
Norte,Humahuaca,San Salvador de Jujuy,4,100,Humahuaca - San Salvador de Jujuy,128.0,29.75,12.8,SI
Norte,Tucuman,San Jose de Metan,1,200,Tucuman - San Jose de Metan,181.0,26.91,21.5,SI
Norte,Tucuman,Salta,1,200,Tucuman - San Jose de Metan - Salta,332.0,23.48,21.5,SI
Norte,San Jose de Metan,Jujuy,1,200,San Jose de Metan - Salta - Jujuy,285.0,24.23,21.5,SI
Norte,Salta,Jujuy,1,200,Salta - Jujuy,134.0,28.79,21.5,SI
Norte,Tucuman,San Jose de Metan,4,100,Tucuman - San Jose de Metan,181.0,26.91,12.8,SI
Norte,San Jose de Metan,Salta,4,100,San Jose de Metan - Salta,151.0,25.83,12.8,SI
Norte,Salta,Jujuy,1,100,Salta - Jujuy,134.0,28.79,12.8,SI
Norte,San Salvador de Jujuy,San Jose de Metan,1,200,San Salvador de Jujuy - San Jose de Metan,285.0,24.23,21.5,SI
Norte,San Salvador de Jujuy,Saenz Peña,1,200,San Salvador de Jujuy - San Jose de Metan - Saenz Peña,854.0,20.56,21.5,NO
Norte,Saenz Peña,Resistencia,1,200,Saenz Peña - Resistencia,177.0,25.81,21.5,SI
Norte,San Jose de Metan,Saenz Peña,4,100,San Jose de Metan - Saenz Peña,569.0,22.87,12.8,SI
Norte,Saenz Peña,Resistencia,4,100,Saenz Peña - Resistencia,177.0,25.81,12.8,SI
Norte,San Salvador de Jujuy,San Pedro,1,200,San Salvador de Jujuy - San Pedro,70.0,29.93,21.5,SI
Norte,San Salvador de Jujuy,San Martin,1,200,San Salvador de Jujuy - San Pedro - San Martin,126.0,27.56,21.5,SI
Norte,San Salvador de Jujuy,Embarcacion,1,200,San Salvador de Jujuy - San Pedro - San Martin - Embarcacion,237.0,25.16,21.5,SI
Norte,San Salvador de Jujuy,Juan Page,1,200,San Salvador de Jujuy - San Pedro - San Martin - Embarcacion - Juan Page,437.0,23.52,21.5,SI
Norte,San Salvador de Jujuy,Las Lomitas,1,200,San Salvador de Jujuy - San Pedro - San Martin - Embarcacion - Juan Page - Las Lomitas,666.0,22.03,21.5,SI
Norte,San Salvador de Jujuy,Formosa,1,200,San Salvador de Jujuy - San Pedro - San Martin - Embarcacion - Juan Page - Las Lomitas - Formosa,1005.0,20.83,21.5,NO
Norte,San Pedro,Resistencia,1,200,San Pedro - San Martin - Embarcacion - Juan Page - Las Lomitas - Formosa - Resistencia,1156.0,20.46,21.5,NO
Norte,San Martin,Resistencia,1,200,San Martin - Embarcacion - Juan Page - Las Lomitas - Formosa - Resistencia,1100.0,20.83,21.5,NO
Norte,Embarcacion,Resistencia,1,200,Embarcacion - Juan Page - Las Lomitas - Formosa - Resistencia,989.0,21.57,21.5,SI
Norte,Juan Page,Resistencia,1,200,Juan Page - Las Lomitas - Formosa - Resistencia,789.0,22.55,21.5,SI
Norte,Las Lomitas,Resistencia,1,200,Las Lomitas - Formosa - Resistencia,560.0,24.28,21.5,SI
Norte,Formosa,Resistencia,1,200,Formosa - Resistencia,221.0,27.58,21.5,SI
Norte,San Salvador de Jujuy,San Pedro,4,100,San Salvador de Jujuy - San Pedro,70.0,29.93,12.8,SI
Norte,San Pedro,San Martin,4,100,San Pedro - San Martin,56.0,30.48,12.8,SI
Norte,San Martin,Embarcacion,4,100,San Martin - Embarcacion,111.0,28.39,12.8,SI
Norte,Embarcacion,Juan Page,4,100,Embarcacion - Juan Page,200.0,28.08,12.8,SI
Norte,Juan Page,Las Lomitas,4,100,Juan Page - Las Lomitas,229.0,27.02,12.8,SI
Norte,Las Lomitas,Formosa,4,100,Las Lomitas - Formosa,339.0,26.68,12.8,SI
Norte,Formosa,Resistencia,4,100,Formosa - Resistencia,221.0,27.58,12.8,SI
Norte,Tucuman,Añatuya,1,200,Tucuman - Santiago del Estero - Añatuya,390.6,17.71,21.5,NO
Norte,Añatuya,Santa Fe,1,200,Añatuya - Tostado - Rafaela - Santa Fe,591.0,21.87,21.5,SI
Norte,Tostado,Santa Fe,1,200,Tostado - Rafaela - Santa Fe,423.0,23.35,21.5,SI
Norte,Santiago del Estero,Añatuya,4,100,Santiago del Estero - Añatuya,197.6,18.37,12.8,SI
Norte,Añatuya,Tostado,4,100,Añatuya - Tostado,168.0,26.9,12.8,SI
Norte,Cordoba,Arroyito,4,100,Cordoba - Arroyito,146.0,28.32,12.8,SI
Norte,Arroyito,San Francisco,4,100,Arroyito - San Francisco,100.0,27.51,12.8,SI
Norte,San Francisco,Rafaela,4,100,San Francisco - Rafaela,87.0,28.8,12.8,SI
Norte,Rafaela,Santa Fe,4,100,Rafaela - Santa Fe,125.0,29.29,12.8,SI
Norte,Cordoba,Arroyito,1,200,Cordoba - Arroyito,146.0,28.32,21.5,SI
Norte,Arroyito,Santa Fe,1,200,Arroyito - San Francisco - Rafaela - Santa Fe,312.0,24.03,21.5,SI
Norte,Cordoba,San Francisco,1,200,Cordoba - Arroyito - San Francisco,246.0,25.1,21.5,SI
Norte,San Francisco,Santa Fe,1,200,San Francisco - Rafaela - Santa Fe,212.0,26.31,21.5,SI
Norte,Cordoba,Rafaela,1,200,Cordoba - Arroyito - San Francisco - Rafaela,333.0,23.72,21.5,SI
Norte,Rafaela,Santa Fe,1,200,Rafaela - Santa Fe,125.0,29.29,21.5,SI
Norte,Rafaela,Sunchales,4,100,Rafaela - Sunchales,50.0,30.65,12.8,SI
Norte,Sunchales,Ceres,4,100,Sunchales - Ceres,163.0,27.48,12.8,SI
Norte,Ceres,Tostado,4,100,Ceres - Tostado,85.0,28.96,12.8,SI
Norte,Tostado,Vera,4,100,Tostado - Vera,207.0,27.32,12.8,SI
Norte,Vera,Resistencia,4,100,Vera - Resistencia,327.0,24.66,12.8,SI
Norte,Santa Fe,Rafaela,1,200,Santa Fe - Rafaela,125.0,29.29,21.5,SI
Norte,Santa Fe,Sunchales,1,200,Santa Fe - Rafaela - Sunchales,175.0,27.26,21.5,SI
Norte,Sunchales,Resistencia,1,200,Sunchales - Ceres - Tostado - Vera - Resistencia,782.0,21.05,21.5,NO
Norte,Santa Fe,Ceres,1,200,Santa Fe - Rafaela - Sunchales - Ceres,338.0,24.55,21.5,SI
Norte,Ceres,Resistencia,1,200,Ceres - Tostado - Vera - Resistencia,619.0,22.06,21.5,SI
Norte,Santa Fe,Tostado,1,200,Santa Fe - Rafaela - Sunchales - Ceres - Tostado,423.0,23.35,21.5,SI
Norte,Tostado,Resistencia,1,200,Tostado - Vera - Resistencia,534.0,22.91,21.5,SI
Norte,Santa Fe,Vera,1,200,Santa Fe - Rafaela - Sunchales - Ceres - Tostado - Vera,630.0,22.0,21.5,SI
Norte,Vera,Resistencia,1,200,Vera - Resistencia,327.0,24.66,21.5,SI
Norte,Resistencia,Corrientes,4,100,Resistencia - Corrientes,22.0,31.09,12.8,SI
Norte,Corrientes,Ituzaingo,4,100,Corrientes - Ituzaingo,249.0,25.29,12.8,SI
Norte,Ituzaingo,Posadas,4,100,Ituzaingo - Posadas,95.0,28.05,12.8,SI
Norte,Resistencia,Ituzaingo,1,200,Resistencia - Corrientes - Ituzaingo,271.0,24.47,21.5,SI
Norte,Ituzaingo,Posadas,1,200,Ituzaingo - Posadas,95.0,28.05,21.5,SI
Norte,Posadas,San Jose,1,200,Posadas - San Jose,53.0,30.57,21.5,SI
Norte,Posadas,Paso de los Libres,1,200,Posadas - San Jose - Paso de los Libres,395.0,23.71,21.5,SI
Norte,San Jose,Santa Fe,1,200,San Jose - Paso de los Libres - Concordia - Parana - Santa Fe,989.0,20.12,21.5,NO
Norte,Paso de los Libres,Santa Fe,1,200,Paso de los Libres - Concordia - Parana - Santa Fe,647.0,21.97,21.5,SI
Norte,Concordia,Santa Fe,1,200,Concordia - Parana - Santa Fe,382.0,24.36,21.5,SI
Norte,Posadas,San Jose,4,100,Posadas - San Jose,53.0,30.57,12.8,SI
Norte,San Jose,Paso de los Libres,4,100,San Jose - Paso de los Libres,342.0,24.51,12.8,SI
Norte,Paso de los Libres,Concordia,4,100,Paso de los Libres - Concordia,265.0,25.45,12.8,SI
Norte,Benavidez,Concepcion del Uruguay,1,200,Benavidez - Campana - Concepcion del Uruguay,355.0,23.82,21.5,SI
Norte,Benavidez,Concordia,1,200,Benavidez - Campana - Concepcion del Uruguay - Concordia,517.0,22.4,21.5,SI
Norte,Concepcion del Uruguay,Santa Fe,1,200,Concepcion del Uruguay - Concordia - Parana - Santa Fe,544.0,22.79,21.5,SI
Norte,Campana,Concepcion del Uruguay,4,100,Campana - Concepcion del Uruguay,275.0,25.02,12.8,SI
Norte,Concepcion del Uruguay,Concordia,4,100,Concepcion del Uruguay - Concordia,162.0,27.56,12.8,SI
Norte,Benavidez,Campana,1,200,Benavidez - Campana,80.0,29.33,21.5,SI
Norte,Benavidez,Baradero,1,200,Benavidez - Campana - Baradero,160.0,25.86,21.5,SI
Norte,Benavidez,San Nicolas,1,200,Benavidez - Campana - Baradero - San Nicolas,270.0,23.79,21.5,SI
Norte,Campana,Rosario,1,200,Campana - Baradero - San Nicolas - Rosario,271.0,23.77,21.5,SI
Norte,Baradero,Rosario,1,200,Baradero - San Nicolas - Rosario,191.0,25.58,21.5,SI
Norte,San Nicolas,Rosario,1,200,San Nicolas - Rosario,81.0,29.26,21.5,SI
Norte,Benavidez,Campana,4,100,Benavidez - Campana,80.0,29.33,12.8,SI
Norte,Campana,Baradero,4,100,Campana - Baradero,80.0,28.0,12.8,SI
Norte,Baradero,San Nicolas,4,100,Baradero - San Nicolas,110.0,27.59,12.8,SI
Norte,San Nicolas,Rosario,4,100,San Nicolas - Rosario,81.0,29.26,12.8,SI
Norte,Rosario,San Fabian,1,200,Rosario - San Fabian,125.0,24.02,21.5,SI
Norte,San Fabian,Santa Fe,1,200,San Fabian - Santa Fe,80.0,29.33,21.5,SI
Norte,Rosario,San Fabian,4,100,Rosario - San Fabian,125.0,24.02,12.8,SI
Norte,San Fabian,Santa Fe,4,100,San Fabian - Santa Fe,80.0,29.33,12.8,SI
Norte,Santa Fe,Parana,1,200,Santa Fe - Parana,40.0,30.85,21.5,SI
Norte,Santa Fe,La Paz,1,200,Santa Fe - Parana - La Paz,222.0,23.44,21.5,SI
Norte,Santa Fe,Goya,1,200,Santa Fe - Parana - La Paz - Goya,435.0,20.69,21.5,NO
Norte,Santa Fe,Bellavista,1,200,Santa Fe - Parana - La Paz - Goya - Bellavista,526.0,20.09,21.5,NO
Norte,Santa Fe,Corrientes,1,200,Santa Fe - Parana - La Paz - Goya - Bellavista - Corrientes,684.0,19.46,21.5,NO
Norte,Parana,Resistencia,1,200,Parana - La Paz - Goya - Bellavista - Corrientes - Resistencia,666.0,19.48,21.5,NO
Norte,La Paz,Resistencia,1,200,La Paz - Goya - Bellavista - Corrientes - Resistencia,484.0,21.21,21.5,NO
Norte,Goya,Resistencia,1,200,Goya - Bellavista - Corrientes - Resistencia,271.0,24.48,21.5,SI
Norte,Bellavista,Resistencia,1,200,Bellavista - Corrientes - Resistencia,180.0,26.41,21.5,SI
Norte,Corrientes,Resistencia,1,200,Corrientes - Resistencia,22.0,31.09,21.5,SI
Norte,Santa Fe,Parana,4,100,Santa Fe - Parana,40.0,30.85,12.8,SI
Norte,Parana,La Paz,4,100,Parana - La Paz,182.0,24.13,12.8,SI
Norte,La Paz,Goya,4,100,La Paz - Goya,213.0,23.81,12.8,SI
Norte,Goya,Bellavista,4,100,Goya - Bellavista,91.0,28.44,12.8,SI
Norte,Bellavista,Corrientes,4,100,Bellavista - Corrientes,158.0,27.78,12.8,SI
Norte,Posadas,Jardin America,1,200,Posadas - Jardin America,104.0,29.06,21.5,SI
Norte,Posadas,Puerto Iguazu,1,200,Posadas - Jardin America - Puerto Iguazu,284.0,25.29,21.5,SI
Norte,Jardin America,Puerto Iguazu,1,200,Jardin America - Puerto Iguazu,180.0,27.27,21.5,SI
Norte,Posadas,Jardin America,4,100,Posadas - Jardin America,104.0,29.06,12.8,SI
Norte,Jardin America,Puerto Iguazu,4,100,Jardin America - Puerto Iguazu,180.0,27.27,12.8,SI
Norte,Posadas,Puerto Iguazu,1,200,Posadas - San Jose - Aristobulo del valle - Puerto Iguazu,407.5,19.92,21.5,NO
Norte,San Jose,Aristobulo del Valle,1,200,San Jose - Aristobulo del valle,143.9,27.89,21.5,SI
Norte,Aristobulo del Valle,Puerto Iguazu,1,200,Aristobulo del valle - Puerto Iguazu,210.6,20.97,21.5,NO
Norte,San Jose,Aristobulo del Valle,4,100,San Jose - Aristobulo del Valle,143.9,27.89,12.8,SI
Norte,Aristobulo del Valle,Puerto Iguazu,4,100,Aristobulo del Valle - Puerto Iguazu,210.6,20.97,12.8,SI
Norte,Clorinda,Formosa,1,200,Clorinda - Formosa - Resistencia,357.0,24.45,21.5,SI
Norte,Clorinda,Resistencia,4,100,Clorinda - Formosa,136.0,26.99,12.8,SI
Norte,San Salvador de Jujuy,Salvador Mazza,1,200,San Salvador de Jujuy - Embarcacion - Salvador Mazza,381.0,23.74,21.5,SI
Norte,San Salvador de Jujuy,Embarcacion,1,200,San Salvador de Jujuy - Embarcacion,237.0,25.16,21.5,SI
Norte,Embarcacion,Salvador Mazza,4,100,Embarcacion - Salvador Mazza,144.0,28.71,12.8,SI
Norte,Benavidez,Rosario,1,400,Benavidez - Zarate - San Pedro - San Nicolas de los Arroyos - Rosario,351.0,22.84,25.0,NO
Norte,Rosario,Resistencia,1,400,Rosario - San Fabian - Santa Fe - Parana - La Paz - Goya - Bellavista - Corrientes - Resistencia,911.0,17.76,25.0,NO
Norte,Benavidez,Zarate,2,300,Benavidez - Zarate,93.0,27.52,21.5,SI
Norte,Benavidez,San Nicolas de los Arroyos,1,300,Benavidez - Zarate - San Pedro - San Nicolas de los Arroyos,270.0,23.79,21.5,SI
Norte,Zarate,San Pedro,1,300,Zarate - San Pedro,101.0,27.88,21.5,SI
Norte,Zarate,Rosario,1,300,Zarate - San Pedro - San Nicolas de los Arroyos - Rosario,258.0,24.44,21.5,SI
Norte,San Pedro,Rosario,1,300,San Pedro - San Nicolas de los Arroyos - Rosario,157.0,26.73,21.5,SI
Norte,San Nicolas,Rosario,1,300,San Nicolas de los Arroyos - Rosario,81.0,29.26,21.5,SI
Norte,Rosario,San Fabian,1,300,Rosario - San Fabian,125.0,24.02,21.5,SI
Norte,Rosario,Santa Fe,1,300,Rosario - San Fabian - Santa Fe,205.0,23.04,21.5,SI
Norte,San Fabian,Santa Fe,1,300,San Fabian - Santa Fe,80.0,29.33,21.5,SI
Norte,Santa Fe,La Paz,1,300,Santa Fe - Parana - La Paz,222.0,23.44,21.5,SI
Norte,Santa Fe,Parana,1,300,Santa Fe - Parana,40.0,30.85,21.5,SI
Norte,Parana,Goya,1,300,Parana - La Paz - Goya,395.0,21.04,21.5,NO
Norte,Goya,Resistencia,1,300,Goya - Bellavista - Corrientes - Resistencia,271.0,24.48,21.5,SI
Norte,La Paz,Bellavista,1,300,La Paz - Goya - Bellavista,304.0,22.65,21.5,SI
Norte,Bellavista,Corrientes,1,300,Bellavista - Corrientes,158.0,27.78,21.5,SI
Norte,Corrientes,Resistencia,1,300,Corrientes - Resistencia,22.0,31.09,21.5,SI
Norte,Benavidez,Santa Fe,2,300,Benavidez - Zarate - San Pedro - San Nicolas de los Arroyos - Rosario - San Fabian - Santa Fe,556.0,19.99,21.5,NO
Centro,Cordoba,V. Mercedes,1,200,Cordoba - V. Mercedes,452.0,21.7,21.5,SI
Centro,Rufino,Lujan,1,200,Rufino - Lujan,412.0,15.98,21.5,NO
Centro,Lujan,Chacabuco,1,200,Lujan - Chacabuco,153.0,24.45,21.5,SI
Centro,Lujan,Junin,1,200,Lujan - Chacabuco - Junin,208.0,23.63,21.5,SI
Centro,Lujan,Vedia,1,200,Lujan - Chacabuco - Junin - Vedia,278.0,22.81,21.5,SI
Centro,Lujan,Rufino,1,200,Lujan - Chacabuco - Junin - Vedia - Rufino,353.0,22.06,21.5,SI
Centro,Lujan,Pehuajo,1,200,Lujan - Chacabuco - Junin - Vedia - Rufino - Pehuajo,587.0,19.72,21.5,NO
Centro,Lujan,Bolivar,1,200,Lujan - Chacabuco - Junin - Vedia - Rufino - Pehuajo - Bolivar,674.0,19.22,21.5,NO
Centro,Lujan,Olavarria,1,200,Lujan - Chacabuco - Junin - Vedia - Rufino - Pehuajo - Bolivar - Olavarria,781.0,17.58,21.5,NO
Centro,Lujan,Azul,1,200,Lujan - Chacabuco - Junin - Vedia - Rufino - Pehuajo - Bolivar - Olavarria - Azul,836.0,17.37,21.5,NO
Centro,Lujan,Tandil,1,200,Lujan - Chacabuco - Junin - Vedia - Rufino - Pehuajo - Bolivar - Olavarria - Azul - Tandil,941.0,16.87,21.5,NO
Centro,Chacabuco,Abasto,1,200,Chacabuco - Junin - Vedia - Rufino - Pehuajo - Bolivar - Olavarria - Azul - Tandil,788.0,17.66,21.5,NO
Centro,Junin,Abasto,1,200,Junin - Vedia - Rufino - Pehuajo - Bolivar - Olavarria - Azul - Tandil,733.0,17.85,21.5,NO
Centro,Vedia,Abasto,1,200,Vedia - Rufino - Pehuajo - Bolivar - Olavarria - Azul - Tandil,663.0,18.1,21.5,NO
Centro,Rufino,Abasto,1,200,Rufino - Pehuajo - Bolivar - Olavarria - Azul - Tandil - Mar del Plata - Las Armas - Dolores - Chascomus - Abasto,1152.0,15.64,21.5,NO
Centro,Pehuajo,Abasto,1,200,Pehuajo - Bolivar - Olavarria - Azul - Tandil - Mar del Plata - Las Armas - Dolores - Chascomus - Abasto,918.0,16.42,21.5,NO
Centro,Bolivar,Abasto,1,200,Bolivar - Olavarria - Azul - Tandil - Mar del Plata - Las Armas - Dolores - Chascomus - Abasto,831.0,16.67,21.5,NO
Centro,Olavarria,Abasto,1,200,Olavarria - Azul - Tandil - Mar del Plata - Las Armas - Dolores - Chascomus - Abasto,724.0,17.96,21.5,NO
Centro,Azul,Abasto,1,200,Azul - Tandil - Mar del Plata - Las Armas - Dolores - Chascomus - Abasto,669.0,18.19,21.5,NO
Centro,Tandil,Abasto,1,200,Tandil - Mar del Plata - Las Armas - Dolores - Chascomus - Abasto,564.0,18.89,21.5,NO
Centro,Lujan,Chacabuco,4,100,Lujan - Chacabuco,153.0,24.45,12.8,SI
Centro,Chacabuco,Junin,4,100,Chacabuco - Junin,55.0,30.44,12.8,SI
Centro,Junin,Vedia,4,100,Junin - Vedia,70.0,29.75,12.8,SI
Centro,Vedia,Rufino,4,100,Vedia - Rufino,75.0,29.43,12.8,SI
Centro,Rufino,Pehuajo,4,100,Rufino - Pehuajo,234.0,23.36,12.8,SI
Centro,Pehuajo,Bolivar,4,100,Pehuajo - Bolivar,87.0,28.37,12.8,SI
Centro,Bolivar,Olavarria,4,100,Bolivar - Olavarria,107.0,22.48,12.8,SI
Centro,Olavarria,Azul,4,100,Olavarria - Azul,55.0,30.0,12.8,SI
Centro,Azul,Tandil,4,100,Azul - Tandil,105.0,26.16,12.8,SI
Centro,Tandil,Mar del Plata,4,100,Tandil - Mar del Plata,179.0,25.07,12.8,SI
Centro,Lujan,Mercedes,1,200,Lujan - Mercedes,36.0,30.9,21.5,SI
Centro,Lujan,Chivilcoy,1,200,Lujan - Mercedes - Chivilcoy,106.0,27.37,21.5,SI
Centro,Lujan,Bragado,1,200,Lujan - Mercedes - Chivilcoy - Bragado,170.0,25.62,21.5,SI
Centro,Lujan,9 De Julio,1,200,Lujan - Mercedes - Chivilcoy - Bragado - 9 De Julio,231.0,24.44,21.5,SI
Centro,Mercedes,Abasto,1,200,Mercedes - Chivilcoy - Bragado - 9 De Julio - Pehuajo - Bolivar - Olavarria - Azul - Tandil - Mar del Plata - Pinamar - Las Toninas - Abasto,1365.0,16.43,21.5,NO
Centro,Chivilcoy,Abasto,1,200,Chivilcoy - Bragado - 9 De Julio - Pehuajo - Bolivar - Olavarria - Azul - Tandil - Mar del Plata - Pinamar - Las Toninas - Abasto,1295.0,16.62,21.5,NO
Centro,Bragado,Abasto,1,200,Bragado - 9 De Julio - Pehuajo - Bolivar - Olavarria - Azul - Tandil - Mar del Plata - Pinamar - Las Toninas - Abasto,1231.0,16.81,21.5,NO
Centro,9 De Julio,Abasto,1,200,9 De Julio - Pehuajo - Bolivar - Olavarria - Azul - Tandil - Mar del Plata - Pinamar - Las Toninas - Abasto,1170.0,16.99,21.5,NO
Centro,Lujan,Mercedes,4,100,Lujan - Mercedes,36.0,30.9,12.8,SI
Centro,Mercedes,Chivilcoy,4,100,Mercedes - Chivilcoy,70.0,29.28,12.8,SI
Centro,Chivilcoy,Bragado,4,100,Chivilcoy - Bragado,64.0,29.73,12.8,SI
Centro,Bragado,9 De Julio,4,100,Bragado - 9 De Julio,61.0,29.92,12.8,SI
Centro,9 De Julio,Pehuajo,4,100,9 De Julio - Pehuajo,111.0,29.26,12.8,SI
Centro,Benavidez,Azopardo,1,200,Benavidez - Azopardo,75.6,29.38,21.5,SI
Centro,Benavidez,La Plata,1,200,Benavidez - Azopardo - La Plata,138.9,27.05,21.5,SI
Centro,Azopardo,Abasto,1,200,Azopardo - La Plata - Abasto,93.3,27.9,21.5,SI
Centro,La Plata,Abasto,1,200,La Plata - Abasto,30.0,30.96,21.5,SI
Centro,Benavidez,Azopardo,4,100,Benavidez - Azopardo,75.6,29.38,12.8,SI
Centro,Azopardo,La Plata,4,100,Azopardo - La Plata,63.3,30.1,12.8,SI
Centro,La Plata,Abasto,4,100,La Plata - Abasto,30.0,30.96,12.8,SI
Centro,Abasto,Las Toninas,1,200,Abasto - Las Toninas,308.0,26.13,21.5,SI
Centro,Abasto,Pinamar,1,200,Abasto - Las Toninas - Pinamar,393.0,24.01,21.5,SI
Centro,Abasto,Mar Del Plata,1,200,Abasto - Las Toninas - Pinamar - Mar Del Plata,526.0,22.14,21.5,SI
Centro,Abasto,Tres Arroyos,1,200,Abasto - Las Toninas - Pinamar - Mar Del Plata - Tres Arroyos,876.0,17.76,21.5,NO
Centro,Las Toninas,Bahia Blanca,1,200,Las Toninas - Pinamar - Mar Del Plata - Tres Arroyos - Bahia Blanca,795.0,16.98,21.5,NO
Centro,Pinamar,Bahia Blanca,1,200,Pinamar - Mar Del Plata - Tres Arroyos - Bahia Blanca,710.0,17.33,21.5,NO
Centro,Mar Del Plata,Bahia Blanca,1,200,Mar Del Plata - Tres Arroyos - Bahia Blanca,577.0,17.86,21.5,NO
Centro,Tres Arroyos,Bahia Blanca,1,200,Tres Arroyos - Bahia Blanca,227.0,22.41,21.5,SI
Centro,Abasto,Las Toninas,4,100,Abasto - Las Toninas,308.0,26.13,12.8,SI
Centro,Las Toninas,Pinamar,4,100,Las Toninas - Pinamar,85.0,27.72,12.8,SI
Centro,Pinamar,Mar Del Plata,4,100,Pinamar - Mar Del Plata,133.0,26.39,12.8,SI
Centro,Mar Del Plata,Tres Arroyos,4,100,Mar Del Plata - Tres Arroyos,350.0,19.67,12.8,SI
Centro,Tres Arroyos,Bahia Blanca,4,100,Tres Arroyos - Bahia Blanca,227.0,22.41,12.8,SI
Centro,Abasto,Chascomus,1,200,Abasto - Chascomus,71.0,28.63,21.5,SI
Centro,Abasto,Dolores,1,200,Abasto - Chascomus - Dolores,168.0,23.26,21.5,SI
Centro,Abasto,Las Armas,1,200,Abasto - Chascomus - Dolores - Las Armas,268.0,20.66,21.5,NO
Centro,Chascomus,Bahia Blanca,1,200,Chascomus - Dolores - Las Armas - Mar Del Plata - Tres Arroyos - Bahia Blanca,891.0,16.03,21.5,NO
Centro,Dolores,Bahia Blanca,1,200,Dolores - Las Armas - Mar Del Plata - Tres Arroyos - Bahia Blanca,794.0,16.66,21.5,NO
Centro,Las Armas,Bahia Blanca,1,200,Las Armas - Mar Del Plata - Tres Arroyos - Bahia Blanca,694.0,17.52,21.5,NO
Centro,Abasto,Chascomus,4,100,Abasto - Chascomus,71.0,28.63,12.8,SI
Centro,Chascomus,Dolores,4,100,Chascomus - Dolores,97.0,24.55,12.8,SI
Centro,Dolores,Las Armas,4,100,Dolores - Las Armas,100.0,23.95,12.8,SI
Centro,Las Armas,Mar Del Plata,4,100,Las Armas - Mar Del Plata,117.0,28.18,12.8,SI
Centro,Lujan,Benavidez,1,200,Lujan - Benavidez,60.0,30.23,21.5,SI
Centro,Lujan,Benavidez,4,100,Lujan - Benavidez,60.0,30.23,12.8,SI
Centro,Bahia Blanca,Algarrobo,4,200,Bahia Blanca - Algarrobo,96.0,30.01,21.5,SI
Centro,Bahia Blanca,Rio Colorado,1,200,Bahia Blanca - Algarrobo - Rio Colorado,190.0,27.22,21.5,SI
Centro,Bahia Blanca,Peru,1,200,Bahia Blanca - Algarrobo - Rio Colorado - Peru,374.6,11.28,21.5,NO
Centro,Bahia Blanca,Santa Rosa,1,200,Bahia Blanca - Algarrobo - Rio Colorado - Peru - Santa Rosa,520.4,11.19,21.5,NO
Centro,Bahia Blanca,Winifreda,1,200,Bahia Blanca - Algarrobo - Rio Colorado - Peru - Santa Rosa - Winifreda,584.4,11.14,21.5,NO
Centro,Bahia Blanca,Victorica,1,200,Bahia Blanca - Algarrobo - Rio Colorado - Peru - Santa Rosa - Winifreda - Victorica,693.4,11.09,21.5,NO
Centro,Bahia Blanca,Santa Isabel,1,200,Bahia Blanca - Algarrobo - Rio Colorado - Peru - Santa Rosa - Winifreda - Victorica - Santa Isabel,843.4,10.56,21.5,NO
Centro,Algarrobo,Mendoza,1,200,Algarrobo - Rio Colorado - Peru - Santa Rosa - Winifreda - Victorica - Santa Isabel - San Rafael - Mendoza,1319.4,10.27,21.5,NO
Centro,Rio Colorado,Mendoza,1,200,Rio Colorado - Peru - Santa Rosa - Winifreda - Victorica - Santa Isabel - San Rafael - Mendoza,1225.4,10.31,21.5,NO
Centro,Peru,Mendoza,1,200,Peru - Santa Rosa - Winifreda - Victorica - Santa Isabel - San Rafael - Mendoza,1040.8,16.85,21.5,NO
Centro,Santa Rosa,Mendoza,1,200,Santa Rosa - Winifreda - Victorica - Santa Isabel - San Rafael - Mendoza,895.0,17.2,21.5,NO
Centro,Winifreda,Mendoza,1,200,Winifreda - Victorica - Santa Isabel - San Rafael - Mendoza,831.0,17.4,21.5,NO
Centro,Victorica,Mendoza,1,200,Victorica - Santa Isabel - San Rafael - Mendoza,722.0,17.65,21.5,NO
Centro,Santa Isabel,Mendoza,1,200,Santa Isabel - San Rafael - Mendoza,572.0,21.43,21.5,NO
Centro,Bahia Blanca,Algarrobo,4,100,Bahia Blanca - Algarrobo,96.0,30.01,12.8,SI
Centro,Algarrobo,Rio Colorado,4,100,Algarrobo - Rio Colorado,94.0,29.77,12.8,SI
Centro,Rio Colorado,Peru,4,100,Rio Colorado - Peru,184.6,11.39,12.8,NO
Centro,Peru,Santa Rosa,4,100,Peru - Santa Rosa,145.8,27.46,12.8,SI
Centro,Santa Rosa,Winifreda,4,100,Santa Rosa - Winifreda,64.0,30.07,12.8,SI
Centro,Winifreda,Victorica,4,100,Winifreda - Victorica,109.0,29.31,12.8,SI
Centro,Victorica,Santa Isabel,4,100,Victorica - Santa Isabel,150.0,19.93,12.8,SI
Centro,Bahia Blanca,Trenque Lauquen,1,200,Bahia Blanca - Rio Colorado - Santa Rosa - Trenque Lauquen,674.4,11.1,21.5,NO
Centro,Trenque Lauquen,Lujan,1,200,Trenque Lauquen - Pehuajo - Lujan,736.0,15.14,21.5,NO
Centro,Santa Rosa,Trenque Lauquen,4,100,Santa Rosa - Trenque Lauquen,154.0,27.76,12.8,SI
Centro,Trenque Lauquen,Pehuajo,4,100,Trenque Lauquen - Pehuajo,90.0,29.81,12.8,SI
Centro,Santa Isabel,Gral. Alvear,1,200,Santa Isabel - Gral. Alvear,211.0,27.39,21.5,SI
Centro,Santa Isabel,San Rafael,1,200,Santa Isabel - Gral. Alvear - San Rafael,311.0,24.28,21.5,SI
Centro,Santa Isabel,Tunuyan,1,200,Santa Isabel - Gral. Alvear - San Rafael - Tunuyan,476.0,22.58,21.5,SI
Centro,Gral. Alvear,Mendoza,1,200,Gral. Alvear - San Rafael - Tunuyan - Mendoza,361.0,22.57,21.5,SI
Centro,San Rafael,Mendoza,1,200,San Rafael - Tunuyan - Mendoza,261.0,24.4,21.5,SI
Centro,Tunuyan,Mendoza,1,200,Tunuyan - Mendoza,96.0,27.36,21.5,SI
Centro,Santa Isabel,Gral. Alvear,4,100,Santa Isabel - Gral. Alvear,211.0,27.39,12.8,SI
Centro,Gral. Alvear,San Rafael,4,100,Gral. Alvear - San Rafael,100.0,26.85,12.8,SI
Centro,San Rafael,Tunuyan,4,100,San Rafael - Tunuyan,165.0,27.09,12.8,SI
Centro,Tunuyan,Mendoza,4,100,Tunuyan - Mendoza,96.0,27.36,12.8,SI
Centro,Lujan,Cañuelas,1,200,Lujan - Cañuelas,70.0,29.72,21.5,SI
Centro,Cañuelas,Abasto,1,200,Cañuelas - Abasto,80.0,29.01,21.5,SI
Centro,Lujan,Cañuelas,4,100,Lujan - Cañuelas,70.0,29.72,12.8,SI
Centro,Cañuelas,Abasto,4,100,Cañuelas - Abasto,80.0,29.01,12.8,SI
Centro,Benavidez,San Antonio de Areco,1,200,Benavidez - San Antonio de Areco,93.0,27.72,21.5,SI
Centro,Benavidez,Arrecifes,1,200,Benavidez - San Antonio de Areco - Arrecifes,161.0,25.9,21.5,SI
Centro,Benavidez,Pergamino,1,200,Benavidez - San Antonio de Areco - Arrecifes - Pergamino,251.0,24.01,21.5,SI
Centro,San Antonio de Areco,Rosario,1,200,San Antonio de Areco - Arrecifes - Pergamino - Rosario,250.0,24.05,21.5,SI
Centro,Arrecifes,Rosario,1,200,Arrecifes - Pergamino - Rosario,182.0,25.15,21.5,SI
Centro,Pergamino,Rosario,1,200,Pergamino - Rosario,92.0,27.83,21.5,SI
Centro,Benavidez,San Antonio de Areco,4,100,Benavidez - San Antonio de Areco,93.0,27.72,12.8,SI
Centro,San Antonio de Areco,Arrecifes,4,100,San Antonio de Areco - Arrecifes,68.0,29.84,12.8,SI
Centro,Arrecifes,Pergamino,4,100,Arrecifes - Pergamino,90.0,28.06,12.8,SI
Centro,Pergamino,Rosario,4,100,Pergamino - Rosario,92.0,27.83,12.8,SI
Centro,Rosario,Cañada de Gomez,1,200,Rosario - Cañada de Gomez,90.0,28.06,21.5,SI
Centro,Rosario,Leones,1,200,Rosario - Cañada de Gomez - Leones,198.0,23.89,21.5,SI
Centro,Rosario,Villa Maria,1,200,Rosario - Cañada de Gomez - Leones - Villa Maria,308.0,22.39,21.5,SI
Centro,Rosario,Manfredi,1,200,Rosario - Cañada de Gomez - Leones - Villa Maria - Manfredi,403.0,21.31,21.5,NO
Centro,Cañada de Gomez,Cordoba,1,200,Cañada de Gomez - Leones - Villa Maria - Manfredi - Cordoba,413.0,21.03,21.5,NO
Centro,Leones,Cordoba,1,200,Leones - Villa Maria - Manfredi - Cordoba,305.0,22.7,21.5,SI
Centro,Villa Maria,Cordoba,1,200,Villa Maria - Manfredi - Cordoba,195.0,24.33,21.5,SI
Centro,Manfredi,Cordoba,1,200,Manfredi - Cordoba,100.0,26.85,21.5,SI
Centro,Rosario,Cañada de Gomez,4,100,Rosario - Cañada de Gomez,90.0,28.06,12.8,SI
Centro,Cañada de Gomez,Leones,4,100,Cañada de Gomez - Leones,108.0,25.72,12.8,SI
Centro,Leones,Villa Maria,4,100,Leones - Villa Maria,110.0,27.36,12.8,SI
Centro,Villa Maria,Manfredi,4,100,Villa Maria - Manfredi,95.0,27.48,12.8,SI
Centro,Manfredi,Cordoba,4,100,Rosario - Cañada de Gomez,90.0,28.06,12.8,SI
Centro,Cordoba,Corralito,1,200,Cordoba - Corralito,85.0,28.56,21.5,SI
Centro,Cordoba,Hernando,1,200,Cordoba - Corralito - Hernando,180.0,25.2,21.5,SI
Centro,Cordoba,Chucul,1,200,Cordoba - Corralito - Hernando - Chucul,268.0,23.61,21.5,SI
Centro,Cordoba,V. Mercedes,1,200,Cordoba - Corralito - Hernando - Chucul - V. Mercedes,452.0,21.7,21.5,SI
Centro,Cordoba,San Luis,1,200,Cordoba - Corralito - Hernando - Chucul - V. Mercedes - San Luis,539.0,20.94,21.5,NO
Centro,Cordoba,Santa Rosa,1,200,Cordoba - Corralito - Hernando - Chucul - V. Mercedes - San Luis - Santa Rosa,734.0,19.56,21.5,NO
Centro,Corralito,Mendoza,1,200,Corralito - Hernando - Chucul - V. Mercedes - San Luis - Santa Rosa - Mendoza,759.0,19.02,21.5,NO
Centro,Hernando,Mendoza,1,200,Hernando - Chucul - V. Mercedes - San Luis - Santa Rosa - Mendoza,664.0,19.62,21.5,NO
Centro,Chucul,Mendoza,1,200,Chucul - V. Mercedes - San Luis - Santa Rosa - Mendoza,576.0,20.18,21.5,NO
Centro,V. Mercedes,Mendoza,1,200,V. Mercedes - San Luis - Santa Rosa - Mendoza,392.0,21.44,21.5,NO
Centro,San Luis,Mendoza,1,200,San Luis - Santa Rosa - Mendoza,305.0,22.31,21.5,SI
Centro,Santa Rosa,Mendoza,1,200,Santa Rosa - Mendoza,110.0,25.41,21.5,SI
Centro,Cordoba,Corralito,4,100,Cordoba - Corralito,85.0,28.56,12.8,SI
Centro,Corralito,Hernando,4,100,Corralito - Hernando,95.0,27.48,12.8,SI
Centro,Hernando,Chucul,4,100,Hernando - Chucul,88.0,28.27,12.8,SI
Centro,Chucul,V. Mercedes,4,100,Chucul - V. Mercedes,184.0,25.9,12.8,SI
Centro,V. Mercedes,San Luis,4,100,V. Mercedes - San Luis,87.0,28.37,12.8,SI
Centro,San Luis,Santa Rosa,4,100,San Luis - Santa Rosa,195.0,25.0,12.8,SI
Centro,Santa Rosa,Mendoza,4,100,Santa Rosa - Mendoza,110.0,25.41,12.8,SI
Centro,Benavidez,Mendoza,1,400,Benavidez - Exaltacion de la Cruz - Arrecifes - Pergamino - Rosario - Cañada de Gomez - San Marcos - Villa Maria - Manfredi - Cordoba - Corralito - Hernando - Chucul - V. Mercedes - San Luis - Santa Rosa - Mendoza,1622.0,15.65,25.0,NO
Centro,Cordoba,V. Mercedes,1,300,Cordoba - Corralito - Hernando - Chucul - V. Mercedes,452.0,21.7,21.5,SI
Centro,V. Mercedes,San Luis,1,300,V. Mercedes - San Luis,87.0,28.37,21.5,SI
Centro,San Luis,Santa Rosa,1,300,San Luis - La Paz - Santa Rosa,195.0,25.0,21.5,SI
Centro,Santa Rosa,Mendoza,1,300,Santa Rosa - Mendoza,110.0,25.41,21.5,SI
Centro,Mendoza,Tunuyan,1,300,Mendoza - Tunuyan,96.0,27.36,21.5,SI
Centro,Tunuyan,San Rafael,1,300,Tunuyan - San Rafael,165.0,27.09,21.5,SI
Centro,Abasto,Marcos Paz,1,300,Abasto - Marcos Paz,88.0,28.27,21.5,SI
Centro,Marcos Paz,Benavidez,1,300,Marcos Paz - Benavidez,85.0,28.56,21.5,SI
Centro,Benavidez,Exaltacion de la Cruz,1,300,Benavidez - Exaltacion de la Cruz,45.0,30.72,21.5,SI
Centro,Exaltacion de la Cruz,Arrecifes,1,300,Exaltacion de la Cruz - Arrecifes,48.0,30.65,21.5,SI
Centro,Arrecifes,Pergamino,1,300,Arrecifes - Pergamino,90.0,28.06,21.5,SI
Centro,Pergamino,Rosario,1,300,Pergamino - Rosario,92.0,27.83,21.5,SI
Centro,Rosario,Cañada de Gomez,1,300,Rosario - Cañada de Gomez,90.0,28.06,21.5,SI
Centro,Cañada de Gomez,San Marcos,1,300,Cañada de Gomez - San Marcos,140.9,24.78,21.5,SI
Centro,San Marcos,Villa Maria,1,300,San Marcos - Villa Maria,77.1,29.24,21.5,SI
Centro,Villa Maria,Manfredi,1,300,Villa Maria - Manfredi,95.0,27.48,21.5,SI
Centro,Manfredi,Cordoba,1,300,Manfredi - Cordoba,100.0,26.85,21.5,SI
Centro,Cordoba,Corralito,1,300,Cordoba - Corralito,85.0,28.56,21.5,SI
Centro,Corralito,Hernando,1,300,Corralito - Hernando,95.0,27.48,21.5,SI
Centro,Hernando,Chucul,1,300,Hernando - Chucul,88.0,28.27,21.5,SI
Centro,Chucul,Mendoza,1,300,Chucul - V. Mercedes - San Luis - La Paz - Santa Rosa - Mendoza,576.0,20.18,21.5,NO
Centro,Rosario,Cordoba,1,300,Rosario - Cañada de Gomez - San Marcos - Villa Maria - Manfredi - Cordoba,503.0,20.32,21.5,NO
Centro,Cordoba,Mendoza,1,300,Cordoba - Corralito - Hernando - Chucul - V. Mercedes - San Luis - Mendoza,844.0,18.61,21.5,NO
Centro,Benavidez,Mendoza,2,300,Benavidez - Exaltacion de la Cruz - Arrecifes - Pergamino - Rosario - Cañada de Gomez - San Marcos - Villa Maria - Manfredi - Cordoba - Corralito - Hernando - Chucul - V. Mercedes - San Luis - La Paz - Santa Rosa - Mendoza,1622.0,15.65,21.5,NO
Centro,Benavidez,Cordoba,3,300,Benavidez - Exaltacion de la Cruz - Arrecifes - Pergamino - Rosario - Cañada de Gomez - San Marcos - Villa Maria - Manfredi - Cordoba,778.0,18.67,21.5,NO
Centro,Benavidez,Rosario,3,300,Benavidez - Exaltacion de la Cruz - Arrecifes - Pergamino - Rosario,275.0,23.52,21.5,SI
Sur,Rio Gallegos,San Sebastian,1,200,Rio Gallegos - Estacion Cullen - San Sebastian,278.0,21.1,21.5,NO
Sur,San Sebastian,Usuahia,1,200,San Sebastian - Rio Grande - Tolhuin - Usuahia,285.0,20.7,21.5,NO
Sur,Rio Gallegos,Estacion Cullen,1,200,Rio Gallegos - Estacion Cullen,193.0,22.11,21.5,SI
Sur,Estacion Cullen,Rio Grande,1,200,Estacion Cullen - San Sebastian - Rio Grande,160.0,25.3,21.5,SI
Sur,Rio Grande,Tolhuin,1,200,Rio Grande - Tolhuin,107.0,23.91,21.5,SI
Sur,Rio Gallegos,Piedrabuena,4,100,Rio Gallegos - Piedrabuena,240.0,24.93,12.8,SI
Sur,Piedrabuena,San Julian,4,100,Piedrabuena - San Julian,124.0,26.64,12.8,SI
Sur,San Julian,Jaramillo,4,100,San Julian - Jaramillo,288.0,25.3,12.8,SI
Sur,Jaramillo,Caleta Olivia,4,100,Jaramillo - Caleta Olivia,25.0,31.03,12.8,SI
Sur,Rio Gallegos,Piedrabuena,1,200,Rio Gallegos - Piedrabuena,240.0,24.93,21.5,SI
Sur,Piedrabuena,San Julian,1,200,Piedrabuena - San Julian,124.0,26.64,21.5,SI
Sur,San Julian,Jaramillo,1,200,San Julian - Jaramillo,288.0,25.3,21.5,SI
Sur,Jaramillo,Caleta Olivia,1,200,Jaramillo - Caleta Olivia,25.0,31.03,21.5,SI
Sur,Rio Gallegos,Esperanza,4,100,Rio Gallegos - Esperanza,142.0,26.31,12.8,SI
Sur,Esperanza,El Calafate,4,100,Esperanza - El Calafate,163.0,25.46,12.8,SI
Sur,El Calafate,Tres Lagos,4,100,El Calafate - Tres Lagos,163.0,23.83,12.8,SI
Sur,Tres Lagos,Gobernador Gregores,4,100,Tres Lagos - Gobernador Gregores,162.0,23.15,12.8,SI
Sur,Gobernador Gregores,Bajo Caracoles,4,100,Gobernador Gregores - Bajo Caracoles,211.0,21.51,12.8,SI
Sur,Bajo Caracoles,Perito Moreno,4,100,Bajo Caracoles - Perito Moreno,130.0,26.59,12.8,SI
Sur,Perito Moreno,Colonia Las Heras,4,100,Perito Moreno - Colonia Las Heras,172.0,25.13,12.8,SI
Sur,Colonia Las Heras,Pico Truncado,4,100,Colonia Las Heras - Pico Truncado,85.0,27.54,12.8,SI
Sur,Pico Truncado,Caleta Olivia,4,100,Pico Truncado - Caleta Olivia,60.0,29.93,12.8,SI
Sur,Rio Gallegos,Esperanza,1,200,Rio Gallegos - Esperanza,142.0,26.31,21.5,SI
Sur,Esperanza,El Calafate,1,200,Esperanza - El Calafate,163.0,25.46,21.5,SI
Sur,El Calafate,Tres Lagos,1,200,El Calafate - Tres Lagos,163.0,23.83,21.5,SI
Sur,Tres Lagos,Gobernador Gregores,1,200,Tres Lagos - Gobernador Gregores,162.0,23.15,21.5,SI
Sur,Gobernador Gregores,Bajo Caracoles,1,200,Gobernador Gregores - Bajo Caracoles,211.0,21.51,21.5,SI
Sur,Bajo Caracoles,Perito Moreno,1,200,Bajo Caracoles - Perito Moreno,130.0,26.59,21.5,SI
Sur,Perito Moreno,Colonia Las Heras,1,200,Perito Moreno - Colonia Las Heras,172.0,25.13,21.5,SI
Sur,Colonia Las Heras,Pico Truncado,1,200,Colonia Las Heras - Pico Truncado,85.0,27.54,21.5,SI
Sur,Pico Truncado,Caleta Olivia,1,200,Pico Truncado - Caleta Olivia,60.0,29.93,21.5,SI
Sur,Dina Huapi,Bariloche,4,100,Dina Huapi - Bariloche,20.0,31.1,12.8,SI
Sur,Bariloche,El Foyel,4,100,Bariloche - El Foyel,78.0,28.4,12.8,SI
Sur,El Foyel,Epuyen,4,100,El Foyel - Epuyen,95.0,26.05,12.8,SI
Sur,Epuyen,Esquel,4,100,Epuyen - Esquel,110.0,23.33,12.8,SI
Sur,Esquel,Tecka,4,100,Esquel - Tecka,100.0,25.2,12.8,SI
Sur,Tecka,J. de San Martin,4,100,Tecka - J. de San Martin,100.0,25.2,12.8,SI
Sur,J. de San Martin,Alto Rio Senguer,4,100,J. de San Martin - Alto Rio Senguer,148.0,26.78,12.8,SI
Sur,Alto Rio Senguer,Rio Mayo,4,100,Alto Rio Senguer - Rio Mayo,100.0,25.2,12.8,SI
Sur,Rio Mayo,Perito Moreno,4,100,Rio Mayo - Perito Moreno,110.0,23.33,12.8,SI
Sur,Neuquen,Dina Huapi,1,200,Neuquen - Dina Huapi,438.0,20.87,21.5,NO
Sur,Dina Huapi,Bariloche,1,200,Dina Huapi - Bariloche,20.0,31.1,21.5,SI
Sur,Bariloche,El Foyel,1,200,Bariloche - El Foyel,78.0,28.4,21.5,SI
Sur,El Foyel,Epuyen,1,200,El Foyel - Epuyen,95.0,26.05,21.5,SI
Sur,Epuyen,Esquel,1,200,Epuyen - Esquel,110.0,23.33,21.5,SI
Sur,Esquel,Tecka,1,200,Esquel - Tecka,100.0,25.2,21.5,SI
Sur,Tecka,J. de San Martin,1,200,Tecka - J. de San Martin,100.0,25.2,21.5,SI
Sur,J. de San Martin,Alto Rio Senguer,1,200,J. de San Martin - Alto Rio Senguer,148.0,26.78,21.5,SI
Sur,Alto Rio Senguer,Rio Mayo,1,200,Alto Rio Senguer - Rio Mayo,100.0,25.2,21.5,SI
Sur,Rio Mayo,Perito Moreno,1,200,Rio Mayo - Perito Moreno,110.0,23.33,21.5,SI
Sur,Perito Moreno,Caleta Olivia,1,200,Perito Moreno - Pico Truncado - Caleta Olivia,317.0,22.57,21.5,SI
Sur,Bahia Blanca,Viedma,4,100,Bahia Blanca - Viedma,304.0,23.97,12.8,SI
Sur,Viedma,San Antonio Oeste,4,100,Viedma - San Antonio Oeste,194.0,25.47,12.8,SI
Sur,San Antonio Oeste,Sierra Grande,4,100,San Antonio Oeste - Sierra Grande,128.0,23.29,12.8,SI
Sur,Sierra Grande,Puerto Madryn,4,100,Sierra Grande - Puerto Madryn,149.0,24.96,12.8,SI
Sur,Puerto Madryn,Trelew,4,100,Puerto Madryn - Trelew,69.0,29.28,12.8,SI
Sur,Trelew,Rawson,4,100,Trelew - Rawson,22.0,31.07,12.8,SI
Sur,Rawson,Comodoro Rivadavia,4,100,Rawson - Comodoro Rivadavia,376.0,20.67,12.8,SI
Sur,Comodoro Rivadavia,Caleta Olivia,4,100,Comodoro Rivadavia - Caleta Olivia,84.0,27.67,12.8,SI
Sur,Bahia Blanca,Viedma,1,200,Bahia Blanca - Viedma,304.0,23.97,21.5,SI
Sur,Viedma,Caleta Olivia,1,200,Viedma - San Antonio Oeste - Sierra Grande - Puerto Madryn - Trelew - Rawson - Comodoro Rivadavia - Caleta Olivia,1022.0,16.57,21.5,NO
Sur,Bahia Blanca,San Antonio Oeste,1,200,Bahia Blanca - Viedma - San Antonio Oeste,498.0,21.75,21.5,SI
Sur,San Antonio Oeste,Sierra Grande,1,200,San Antonio Oeste - Sierra Grande,128.0,23.29,21.5,SI
Sur,Sierra Grande,Puerto Madryn,1,200,Sierra Grande - Puerto Madryn,149.0,24.96,21.5,SI
Sur,Puerto Madryn,Trelew,1,200,Puerto Madryn - Trelew,69.0,29.28,21.5,SI
Sur,Trelew,Rawson,1,200,Trelew - Rawson,22.0,31.07,21.5,SI
Sur,Rawson,Comodoro Rivadavia,1,200,Rawson - Comodoro Rivadavia,376.0,20.67,21.5,NO
Sur,Comodoro Rivadavia,Caleta Olivia,1,200,Comodoro Rivadavia - Caleta Olivia,84.0,27.67,21.5,SI
Sur,Neuquen,Arroyito,4,100,Neuquen - Arroyito,54.0,30.25,12.8,SI
Sur,Arroyito,Picun Leufu,4,100,Arroyito - Picun Leufu,84.0,27.67,12.8,SI
Sur,Picun Leufu,Piedra del Aguila,4,100,Picun Leufu - Piedra del Aguila,100.0,25.2,12.8,SI
Sur,Piedra del Aguila,Dina Huapi,4,100,Piedra del Aguila - Dina Huapi,200.0,25.26,12.8,SI
Sur,Dina Huapi,Aguada Cecilio,4,100,Dina Huapi - Aguada Cecilio,592.0,19.98,12.8,SI
Sur,Aguada Cecilio,San Antonio Oeste,4,100,Aguada Cecilio - San Antonio Oeste,90.0,26.83,12.8,SI
Sur,Neuquen,Dina Huapi,1,200,Neuquen - Arroyito - Picun Leufu - Piedra del Aguila - Dina Huapi,438.0,20.87,21.5,NO
Sur,Dina Huapi,Aguada Cecilio,1,200,Dina Huapi - Aguada Cecilio,592.0,19.98,21.5,NO
Sur,Aguada Cecilio,San Antonio Oeste,1,200,Aguada Cecilio - San Antonio Oeste,90.0,26.83,21.5,SI
Sur,San Antonio Oeste,Bahia Blanca,1,200,San Antonio Oeste - Viedma - Bahia Blanca,498.0,21.75,21.5,SI
Sur,Neuquen,Arroyito,1,200,Neuquen - Arroyito,54.0,30.25,21.5,SI
Sur,Arroyito,Picun Leufu,1,200,Arroyito - Picun Leufu,84.0,27.67,21.5,SI
Sur,Picun Leufu,Piedra del Aguila,1,200,Picun Leufu - Piedra del Aguila,100.0,25.2,21.5,SI
Sur,Piedra del Aguila,Bahia Blanca,1,200,Piedra del Aguila - Dina Huapi - Aguada Cecilio - San Antonio Oeste - Viedma - Bahia Blanca,1380.0,16.71,21.5,NO
Sur,Neuquen,General Roca,4,100,Neuquen - General Roca,51.0,30.19,12.8,SI
Sur,General Roca,Choele Choel,4,100,General Roca - Choele Choel,188.0,22.11,12.8,SI
Sur,Choele Choel,Rio Colorado,4,100,Choele Choel - Rio Colorado,147.0,12.41,12.8,NO
Sur,Rio Colorado,General Conesa,4,100,Rio Colorado - General Conesa,156.0,26.64,12.8,SI
Sur,General Conesa,San Antonio Oeste,4,100,General Conesa - San Antonio Oeste,98.0,25.54,12.8,SI
Sur,Neuquen,General Roca,1,200,Neuquen - General Roca,51.0,30.19,21.5,SI
Sur,General Roca,Choele Choel,1,200,General Roca - Choele Choel,188.0,22.11,21.5,SI
Sur,Choele Choel,Rio Colorado,1,200,Choele Choel - Rio Colorado,147.0,12.41,21.5,NO
Sur,Rio Colorado,General Conesa,1,200,Rio Colorado - General Conesa,156.0,26.64,21.5,SI
Sur,General Conesa,Bahia Blanca,1,200,General Conesa - San Antonio Oeste - Viedma - Bahia Blanca,596.0,20.31,21.5,NO
Sur,Neuquen,Sargento Vidal,4,100,Neuquen - Sargento Vidal,35.0,30.86,12.8,SI
Sur,Sargento Vidal,Catriel,4,100,Sargento Vidal - Catriel,102.0,24.84,12.8,SI
Sur,Catriel,Santa Isabel,4,100,Catriel - Santa Isabel,240.0,21.81,12.8,SI
Sur,Neuquen,Sargento Vidal,1,200,Neuquen - Sargento Vidal,35.0,30.86,21.5,SI
Sur,Sargento Vidal,Catriel,1,200,Sargento Vidal - Catriel,102.0,24.84,21.5,SI
Sur,Catriel,Santa Isabel,1,200,Catriel - Santa Isabel,240.0,21.81,21.5,SI
Sur,Santa Isabel,San Rafael,1,200,Santa Isabel - San Rafael,311.0,24.28,21.5,SI
Sur,Dina Huapi,Villa La Angostura,4,100,Dina Huapi - Villa La Angostura,74.0,28.14,12.8,SI
Sur,Villa La Angostura,San Martin de los Andes,4,100,Villa La Angostura - San Martin de los Andes,110.0,21.42,12.8,SI
Sur,San Martin de los Andes,Junin de los Andes,4,100,San Martin de los Andes - Junin de los Andes,61.0,29.51,12.8,SI
Sur,Junin de los Andes,Zapala,4,100,Junin de los Andes - Zapala,202.0,20.23,12.8,SI
Sur,Zapala,Chos Malal,4,100,Zapala - Chos Malal,255.0,22.41,12.8,SI
Sur,Chos Malal,Buta Ranquil,4,100,Chos Malal - Buta Ranquil,92.0,25.23,12.8,SI
Sur,Buta Ranquil,Malargue,4,100,Buta Ranquil - Malargue,244.0,20.8,12.8,SI
Sur,Malargue,San Rafael,4,100,Malargue - San Rafael,191.0,23.26,12.8,SI
Sur,Dina Huapi,Villa La Angostura,1,200,Dina Huapi - Villa La Angostura,74.0,28.14,21.5,SI
Sur,Villa La Angostura,San Martin de los Andes,1,200,Villa La Angostura - San Martin de los Andes,110.0,21.42,21.5,NO
Sur,San Martin de los Andes,Junin de los Andes,1,200,San Martin de los Andes - Junin de los Andes,61.0,29.51,21.5,SI
Sur,Junin de los Andes,Zapala,1,200,Junin de los Andes - Zapala,202.0,20.23,21.5,NO
Sur,Zapala,Chos Malal,1,200,Zapala - Chos Malal,255.0,22.41,21.5,SI
Sur,Chos Malal,Buta Ranquil,1,200,Chos Malal - Buta Ranquil,92.0,25.23,21.5,SI
Sur,Buta Ranquil,Malargue,1,200,Buta Ranquil - Malargue,244.0,20.8,21.5,NO
Sur,Malargue,San Rafael,1,200,Malargue - San Rafael,191.0,23.26,21.5,SI
